{
  "r1": {
    "n": 80,
    "wr": 70,
    "pnl": 23.212250255746536,
    "avg": 0.2901531281968317
  },
  "r2": {
    "n": 80,
    "wr": 62.5,
    "pnl": 8.402673784246934,
    "avg": 0.10503342230308668
  },
  "r3": {
    "n": 176,
    "wr": 23.863636363636363,
    "pnl": -39.5226127660072,
    "avg": -0.2245602998068591
  },
  "r4": {
    "n": 88,
    "wr": 11.363636363636363,
    "pnl": -55.84027351863034,
    "avg": -0.6345485627117085
  },
  "r5": {
    "n": 240,
    "wr": 60,
    "pnl": 28.638451689188894,
    "avg": 0.11932688203828706
  }
}